id,name,affiliation,value,status,date
25624,Clinton,Democrat,46.8,1,"Tue, 08 Nov 2016 00:00:00 -0600"
25623,Trump,Republican,43.6,1,
25624,Clinton,Democrat,47,1,"Mon, 07 Nov 2016 00:00:00 -0600"
25623,Trump,Republican,43.8,1,
25624,Clinton,Democrat,46.6,1,"Sun, 06 Nov 2016 00:00:00 -0500"
25623,Trump,Republican,44.8,1,
25624,Clinton,Democrat,46.5,1,"Sat, 05 Nov 2016 00:00:00 -0500"
25623,Trump,Republican,45,1,
25624,Clinton,Democrat,46.4,1,"Fri, 04 Nov 2016 00:00:00 -0500"
25623,Trump,Republican,44.8,1,
25624,Clinton,Democrat,46.6,1,"Thu, 03 Nov 2016 00:00:00 -0500"
25623,Trump,Republican,45.3,1,
25624,Clinton,Democrat,47,1,"Wed, 02 Nov 2016 00:00:00 -0500"
25623,Trump,Republican,45.3,1,
25624,Clinton,Democrat,47.5,1,"Tue, 01 Nov 2016 00:00:00 -0500"
25623,Trump,Republican,45.3,1,
25624,Clinton,Democrat,48,1,"Mon, 31 Oct 2016 00:00:00 -0500"
25623,Trump,Republican,44.9,1,
25624,Clinton,Democrat,47.6,1,"Sun, 30 Oct 2016 00:00:00 -0500"
25623,Trump,Republican,43.3,1,
25624,Clinton,Democrat,47.1,1,"Sat, 29 Oct 2016 00:00:00 -0500"
25623,Trump,Republican,42.5,1,
25624,Clinton,Democrat,47.1,1,"Fri, 28 Oct 2016 00:00:00 -0500"
25623,Trump,Republican,42.5,1,
25624,Clinton,Democrat,47.8,1,"Thu, 27 Oct 2016 00:00:00 -0500"
25623,Trump,Republican,42.2,1,
25624,Clinton,Democrat,48.4,1,"Wed, 26 Oct 2016 00:00:00 -0500"
25623,Trump,Republican,43,1,
25624,Clinton,Democrat,48.3,1,"Tue, 25 Oct 2016 00:00:00 -0500"
25623,Trump,Republican,43.2,1,
25624,Clinton,Democrat,47.8,1,"Mon, 24 Oct 2016 00:00:00 -0500"
25623,Trump,Republican,42.3,1,
25624,Clinton,Democrat,47.9,1,"Sun, 23 Oct 2016 00:00:00 -0500"
25623,Trump,Republican,42,1,
25624,Clinton,Democrat,48,1,"Sat, 22 Oct 2016 00:00:00 -0500"
25623,Trump,Republican,41.9,1,
25624,Clinton,Democrat,48.1,1,"Fri, 21 Oct 2016 00:00:00 -0500"
25623,Trump,Republican,41.9,1,
25624,Clinton,Democrat,48.5,1,"Thu, 20 Oct 2016 00:00:00 -0500"
25623,Trump,Republican,42.1,1,
25624,Clinton,Democrat,48.6,1,"Wed, 19 Oct 2016 00:00:00 -0500"
25623,Trump,Republican,42.1,1,
25624,Clinton,Democrat,49,1,"Tue, 18 Oct 2016 00:00:00 -0500"
25623,Trump,Republican,41.9,1,
25624,Clinton,Democrat,48.8,1,"Mon, 17 Oct 2016 00:00:00 -0500"
25623,Trump,Republican,41.8,1,
25624,Clinton,Democrat,47.7,1,"Sun, 16 Oct 2016 00:00:00 -0500"
25623,Trump,Republican,42.2,1,
25624,Clinton,Democrat,48.1,1,"Sat, 15 Oct 2016 00:00:00 -0500"
25623,Trump,Republican,41.4,1,
25624,Clinton,Democrat,48.1,1,"Fri, 14 Oct 2016 00:00:00 -0500"
25623,Trump,Republican,41.4,1,
25624,Clinton,Democrat,48.1,1,"Thu, 13 Oct 2016 00:00:00 -0500"
25623,Trump,Republican,41.4,1,
25624,Clinton,Democrat,48,1,"Wed, 12 Oct 2016 00:00:00 -0500"
25623,Trump,Republican,41.8,1,
25624,Clinton,Democrat,47.9,1,"Tue, 11 Oct 2016 00:00:00 -0500"
25623,Trump,Republican,41.9,1,
25624,Clinton,Democrat,47.9,1,"Mon, 10 Oct 2016 00:00:00 -0500"
25623,Trump,Republican,42.1,1,
25624,Clinton,Democrat,47.5,1,"Sun, 09 Oct 2016 00:00:00 -0500"
25623,Trump,Republican,42.9,1,
25624,Clinton,Democrat,47.5,1,"Sat, 08 Oct 2016 00:00:00 -0500"
25623,Trump,Republican,42.9,1,
25624,Clinton,Democrat,47.6,1,"Fri, 07 Oct 2016 00:00:00 -0500"
25623,Trump,Republican,42.9,1,
25624,Clinton,Democrat,48,1,"Thu, 06 Oct 2016 00:00:00 -0500"
25623,Trump,Republican,43.9,1,
25624,Clinton,Democrat,48.1,1,"Wed, 05 Oct 2016 00:00:00 -0500"
25623,Trump,Republican,44.2,1,
25624,Clinton,Democrat,48.1,1,"Tue, 04 Oct 2016 00:00:00 -0500"
25623,Trump,Republican,44.3,1,
25624,Clinton,Democrat,47.8,1,"Mon, 03 Oct 2016 00:00:00 -0500"
25623,Trump,Republican,44.6,1,
25624,Clinton,Democrat,47.5,1,"Sun, 02 Oct 2016 00:00:00 -0500"
25623,Trump,Republican,45,1,
25624,Clinton,Democrat,47.4,1,"Sat, 01 Oct 2016 00:00:00 -0500"
25623,Trump,Republican,44.7,1,
25624,Clinton,Democrat,47.5,1,"Fri, 30 Sep 2016 00:00:00 -0500"
25623,Trump,Republican,44.4,1,
25624,Clinton,Democrat,47.4,1,"Thu, 29 Sep 2016 00:00:00 -0500"
25623,Trump,Republican,44.4,1,
25624,Clinton,Democrat,47.4,1,"Wed, 28 Sep 2016 00:00:00 -0500"
25623,Trump,Republican,44.4,1,
25624,Clinton,Democrat,46.7,1,"Tue, 27 Sep 2016 00:00:00 -0500"
25623,Trump,Republican,44.3,1,
25624,Clinton,Democrat,46.6,1,"Mon, 26 Sep 2016 00:00:00 -0500"
25623,Trump,Republican,44.3,1,
25624,Clinton,Democrat,46.5,1,"Sun, 25 Sep 2016 00:00:00 -0500"
25623,Trump,Republican,43.4,1,
25624,Clinton,Democrat,46.2,1,"Sat, 24 Sep 2016 00:00:00 -0500"
25623,Trump,Republican,43.2,1,
25624,Clinton,Democrat,46.2,1,"Fri, 23 Sep 2016 00:00:00 -0500"
25623,Trump,Republican,43.2,1,
25624,Clinton,Democrat,46,1,"Thu, 22 Sep 2016 00:00:00 -0500"
25623,Trump,Republican,43.4,1,
25624,Clinton,Democrat,45.4,1,"Wed, 21 Sep 2016 00:00:00 -0500"
25623,Trump,Republican,43.5,1,
25624,Clinton,Democrat,45.3,1,"Tue, 20 Sep 2016 00:00:00 -0500"
25623,Trump,Republican,44,1,
25624,Clinton,Democrat,44.9,1,"Mon, 19 Sep 2016 00:00:00 -0500"
25623,Trump,Republican,44,1,
25624,Clinton,Democrat,44.9,1,"Sun, 18 Sep 2016 00:00:00 -0500"
25623,Trump,Republican,44,1,
25624,Clinton,Democrat,44.9,1,"Sat, 17 Sep 2016 00:00:00 -0500"
25623,Trump,Republican,43.9,1,
25624,Clinton,Democrat,45.7,1,"Fri, 16 Sep 2016 00:00:00 -0500"
25623,Trump,Republican,44.2,1,
25624,Clinton,Democrat,45.7,1,"Thu, 15 Sep 2016 00:00:00 -0500"
25623,Trump,Republican,44.2,1,
25624,Clinton,Democrat,46.1,1,"Wed, 14 Sep 2016 00:00:00 -0500"
25623,Trump,Republican,43.8,1,
25624,Clinton,Democrat,45.8,1,"Tue, 13 Sep 2016 00:00:00 -0500"
25623,Trump,Republican,43.4,1,
25624,Clinton,Democrat,45.9,1,"Mon, 12 Sep 2016 00:00:00 -0500"
25623,Trump,Republican,43.1,1,
25624,Clinton,Democrat,46,1,"Sun, 11 Sep 2016 00:00:00 -0500"
25623,Trump,Republican,42.9,1,
25624,Clinton,Democrat,45.6,1,"Sat, 10 Sep 2016 00:00:00 -0500"
25623,Trump,Republican,42.9,1,
25624,Clinton,Democrat,45.6,1,"Fri, 09 Sep 2016 00:00:00 -0500"
25623,Trump,Republican,42.9,1,
25624,Clinton,Democrat,45.6,1,"Thu, 08 Sep 2016 00:00:00 -0500"
25623,Trump,Republican,42.8,1,
25624,Clinton,Democrat,45.9,1,"Wed, 07 Sep 2016 00:00:00 -0500"
25623,Trump,Republican,42.8,1,
25624,Clinton,Democrat,46.2,1,"Tue, 06 Sep 2016 00:00:00 -0500"
25623,Trump,Republican,42.9,1,
25624,Clinton,Democrat,45.9,1,"Mon, 05 Sep 2016 00:00:00 -0500"
25623,Trump,Republican,42.3,1,
25624,Clinton,Democrat,46,1,"Sun, 04 Sep 2016 00:00:00 -0500"
25623,Trump,Republican,42.1,1,
25624,Clinton,Democrat,46,1,"Sat, 03 Sep 2016 00:00:00 -0500"
25623,Trump,Republican,42.1,1,
25624,Clinton,Democrat,46.1,1,"Fri, 02 Sep 2016 00:00:00 -0500"
25623,Trump,Republican,42,1,
25624,Clinton,Democrat,46.8,1,"Thu, 01 Sep 2016 00:00:00 -0500"
25623,Trump,Republican,41.9,1,
25624,Clinton,Democrat,46.6,1,"Wed, 31 Aug 2016 00:00:00 -0500"
25623,Trump,Republican,42,1,
25624,Clinton,Democrat,46.7,1,"Tue, 30 Aug 2016 00:00:00 -0500"
25623,Trump,Republican,41.7,1,
25624,Clinton,Democrat,47.2,1,"Mon, 29 Aug 2016 00:00:00 -0500"
25623,Trump,Republican,41.3,1,
25624,Clinton,Democrat,48.3,1,"Sun, 28 Aug 2016 00:00:00 -0500"
25623,Trump,Republican,42.3,1,
25624,Clinton,Democrat,48.4,1,"Sat, 27 Aug 2016 00:00:00 -0500"
25623,Trump,Republican,42.1,1,
25624,Clinton,Democrat,48.3,1,"Fri, 26 Aug 2016 00:00:00 -0500"
25623,Trump,Republican,42.3,1,
25624,Clinton,Democrat,47.7,1,"Thu, 25 Aug 2016 00:00:00 -0500"
25623,Trump,Republican,41.7,1,
25624,Clinton,Democrat,47.2,1,"Wed, 24 Aug 2016 00:00:00 -0500"
25623,Trump,Republican,41.8,1,
25624,Clinton,Democrat,47,1,"Tue, 23 Aug 2016 00:00:00 -0500"
25623,Trump,Republican,41.5,1,
25624,Clinton,Democrat,47,1,"Mon, 22 Aug 2016 00:00:00 -0500"
25623,Trump,Republican,41.5,1,
25624,Clinton,Democrat,46.8,1,"Sun, 21 Aug 2016 00:00:00 -0500"
25623,Trump,Republican,41.5,1,
25624,Clinton,Democrat,47,1,"Sat, 20 Aug 2016 00:00:00 -0500"
25623,Trump,Republican,41.3,1,
25624,Clinton,Democrat,47.2,1,"Fri, 19 Aug 2016 00:00:00 -0500"
25623,Trump,Republican,41.2,1,
25624,Clinton,Democrat,47,1,"Thu, 18 Aug 2016 00:00:00 -0500"
25623,Trump,Republican,41.2,1,
25624,Clinton,Democrat,47.2,1,"Wed, 17 Aug 2016 00:00:00 -0500"
25623,Trump,Republican,41.2,1,
25624,Clinton,Democrat,47.7,1,"Tue, 16 Aug 2016 00:00:00 -0500"
25623,Trump,Republican,41,1,
25624,Clinton,Democrat,47.8,1,"Mon, 15 Aug 2016 00:00:00 -0500"
25623,Trump,Republican,41,1,
25624,Clinton,Democrat,47.8,1,"Sun, 14 Aug 2016 00:00:00 -0500"
25623,Trump,Republican,41,1,
25624,Clinton,Democrat,47.8,1,"Sat, 13 Aug 2016 00:00:00 -0500"
25623,Trump,Republican,41,1,
25624,Clinton,Democrat,47.5,1,"Fri, 12 Aug 2016 00:00:00 -0500"
25623,Trump,Republican,41.2,1,
25624,Clinton,Democrat,47.4,1,"Thu, 11 Aug 2016 00:00:00 -0500"
25623,Trump,Republican,40.5,1,
25624,Clinton,Democrat,48,1,"Wed, 10 Aug 2016 00:00:00 -0500"
25623,Trump,Republican,40.3,1,
25624,Clinton,Democrat,47.8,1,"Tue, 09 Aug 2016 00:00:00 -0500"
25623,Trump,Republican,39.9,1,
25624,Clinton,Democrat,47.3,1,"Mon, 08 Aug 2016 00:00:00 -0500"
25623,Trump,Republican,40.1,1,
25624,Clinton,Democrat,47.5,1,"Sun, 07 Aug 2016 00:00:00 -0500"
25623,Trump,Republican,40.5,1,
25624,Clinton,Democrat,47.3,1,"Sat, 06 Aug 2016 00:00:00 -0500"
25623,Trump,Republican,40.4,1,
25624,Clinton,Democrat,47.3,1,"Fri, 05 Aug 2016 00:00:00 -0500"
25623,Trump,Republican,40.5,1,
25624,Clinton,Democrat,47.4,1,"Thu, 04 Aug 2016 00:00:00 -0500"
25623,Trump,Republican,40.6,1,
25624,Clinton,Democrat,47.3,1,"Wed, 03 Aug 2016 00:00:00 -0500"
25623,Trump,Republican,41.6,1,
25624,Clinton,Democrat,46.4,1,"Tue, 02 Aug 2016 00:00:00 -0500"
25623,Trump,Republican,42,1,
25624,Clinton,Democrat,45.9,1,"Mon, 01 Aug 2016 00:00:00 -0500"
25623,Trump,Republican,42,1,
25624,Clinton,Democrat,44.5,1,"Sun, 31 Jul 2016 00:00:00 -0500"
25623,Trump,Republican,43.4,1,
25624,Clinton,Democrat,43.7,1,"Sat, 30 Jul 2016 00:00:00 -0500"
25623,Trump,Republican,43.3,1,
25624,Clinton,Democrat,44.3,1,"Fri, 29 Jul 2016 00:00:00 -0500"
25623,Trump,Republican,44.3,1,
25624,Clinton,Democrat,44.7,1,"Thu, 28 Jul 2016 00:00:00 -0500"
25623,Trump,Republican,45.6,1,
25624,Clinton,Democrat,44.6,1,"Wed, 27 Jul 2016 00:00:00 -0500"
25623,Trump,Republican,45.7,1,
25624,Clinton,Democrat,44.7,1,"Tue, 26 Jul 2016 00:00:00 -0500"
25623,Trump,Republican,45.6,1,
25624,Clinton,Democrat,44.1,1,"Mon, 25 Jul 2016 00:00:00 -0500"
25623,Trump,Republican,44.3,1,
25624,Clinton,Democrat,44.7,1,"Sun, 24 Jul 2016 00:00:00 -0500"
25623,Trump,Republican,43.3,1,
25624,Clinton,Democrat,44.6,1,"Sat, 23 Jul 2016 00:00:00 -0500"
25623,Trump,Republican,42.6,1,
25624,Clinton,Democrat,44.2,1,"Fri, 22 Jul 2016 00:00:00 -0500"
25623,Trump,Republican,41.6,1,
25624,Clinton,Democrat,44,1,"Thu, 21 Jul 2016 00:00:00 -0500"
25623,Trump,Republican,41.3,1,
25624,Clinton,Democrat,43.9,1,"Wed, 20 Jul 2016 00:00:00 -0500"
25623,Trump,Republican,41.1,1,
25624,Clinton,Democrat,43.8,1,"Tue, 19 Jul 2016 00:00:00 -0500"
25623,Trump,Republican,41.1,1,
25624,Clinton,Democrat,43.8,1,"Mon, 18 Jul 2016 00:00:00 -0500"
25623,Trump,Republican,40.6,1,
25624,Clinton,Democrat,43.8,1,"Sun, 17 Jul 2016 00:00:00 -0500"
25623,Trump,Republican,40.6,1,
25624,Clinton,Democrat,43.1,1,"Sat, 16 Jul 2016 00:00:00 -0500"
25623,Trump,Republican,40.4,1,
25624,Clinton,Democrat,43.1,1,"Fri, 15 Jul 2016 00:00:00 -0500"
25623,Trump,Republican,40.4,1,
25624,Clinton,Democrat,44,1,"Thu, 14 Jul 2016 00:00:00 -0500"
25623,Trump,Republican,40.9,1,
25624,Clinton,Democrat,45,1,"Wed, 13 Jul 2016 00:00:00 -0500"
25623,Trump,Republican,40.7,1,
25624,Clinton,Democrat,45.4,1,"Tue, 12 Jul 2016 00:00:00 -0500"
25623,Trump,Republican,40.9,1,
25624,Clinton,Democrat,45.4,1,"Mon, 11 Jul 2016 00:00:00 -0500"
25623,Trump,Republican,40.9,1,
25624,Clinton,Democrat,45.4,1,"Sun, 10 Jul 2016 00:00:00 -0500"
25623,Trump,Republican,40.9,1,
25624,Clinton,Democrat,45.6,1,"Sat, 09 Jul 2016 00:00:00 -0500"
25623,Trump,Republican,40.9,1,
25624,Clinton,Democrat,45.6,1,"Fri, 08 Jul 2016 00:00:00 -0500"
25623,Trump,Republican,40.9,1,
25624,Clinton,Democrat,45.6,1,"Thu, 07 Jul 2016 00:00:00 -0500"
25623,Trump,Republican,40.9,1,
25624,Clinton,Democrat,45.4,1,"Wed, 06 Jul 2016 00:00:00 -0500"
25623,Trump,Republican,40.6,1,
25624,Clinton,Democrat,44.9,1,"Tue, 05 Jul 2016 00:00:00 -0500"
25623,Trump,Republican,40.3,1,
25624,Clinton,Democrat,44.9,1,"Mon, 04 Jul 2016 00:00:00 -0500"
25623,Trump,Republican,40.3,1,
25624,Clinton,Democrat,44.8,1,"Sun, 03 Jul 2016 00:00:00 -0500"
25623,Trump,Republican,40.3,1,
25624,Clinton,Democrat,44.8,1,"Sat, 02 Jul 2016 00:00:00 -0500"
25623,Trump,Republican,40.3,1,
25624,Clinton,Democrat,44.6,1,"Fri, 01 Jul 2016 00:00:00 -0500"
25623,Trump,Republican,39.8,1,
25624,Clinton,Democrat,44.6,1,"Thu, 30 Jun 2016 00:00:00 -0500"
25623,Trump,Republican,39.8,1,
25624,Clinton,Democrat,45.1,1,"Wed, 29 Jun 2016 00:00:00 -0500"
25623,Trump,Republican,39,1,
25624,Clinton,Democrat,45.8,1,"Tue, 28 Jun 2016 00:00:00 -0500"
25623,Trump,Republican,39,1,
25624,Clinton,Democrat,46.4,1,"Mon, 27 Jun 2016 00:00:00 -0500"
25623,Trump,Republican,39.6,1,
25624,Clinton,Democrat,46.1,1,"Sun, 26 Jun 2016 00:00:00 -0500"
25623,Trump,Republican,39.4,1,
25624,Clinton,Democrat,45.9,1,"Sat, 25 Jun 2016 00:00:00 -0500"
25623,Trump,Republican,39.3,1,
25624,Clinton,Democrat,45.3,1,"Fri, 24 Jun 2016 00:00:00 -0500"
25623,Trump,Republican,39.4,1,
25624,Clinton,Democrat,45.3,1,"Thu, 23 Jun 2016 00:00:00 -0500"
25623,Trump,Republican,39.4,1,
25624,Clinton,Democrat,45,1,"Wed, 22 Jun 2016 00:00:00 -0500"
25623,Trump,Republican,39.2,1,
25624,Clinton,Democrat,45,1,"Tue, 21 Jun 2016 00:00:00 -0500"
25623,Trump,Republican,39.2,1,
25624,Clinton,Democrat,44.8,1,"Mon, 20 Jun 2016 00:00:00 -0500"
25623,Trump,Republican,38.9,1,
25624,Clinton,Democrat,44.9,1,"Sun, 19 Jun 2016 00:00:00 -0500"
25623,Trump,Republican,39.1,1,
25624,Clinton,Democrat,44.9,1,"Sat, 18 Jun 2016 00:00:00 -0500"
25623,Trump,Republican,39.1,1,
25624,Clinton,Democrat,44.1,1,"Fri, 17 Jun 2016 00:00:00 -0500"
25623,Trump,Republican,38.3,1,
25624,Clinton,Democrat,44.1,1,"Thu, 16 Jun 2016 00:00:00 -0500"
25623,Trump,Republican,38.3,1,
25624,Clinton,Democrat,44,1,"Wed, 15 Jun 2016 00:00:00 -0500"
25623,Trump,Republican,38.4,1,
25624,Clinton,Democrat,44.1,1,"Tue, 14 Jun 2016 00:00:00 -0500"
25623,Trump,Republican,38.6,1,
25624,Clinton,Democrat,43.3,1,"Mon, 13 Jun 2016 00:00:00 -0500"
25623,Trump,Republican,38.8,1,
25624,Clinton,Democrat,43.7,1,"Sun, 12 Jun 2016 00:00:00 -0500"
25623,Trump,Republican,39.2,1,
25624,Clinton,Democrat,43.7,1,"Sat, 11 Jun 2016 00:00:00 -0500"
25623,Trump,Republican,39.2,1,
25624,Clinton,Democrat,44.1,1,"Fri, 10 Jun 2016 00:00:00 -0500"
25623,Trump,Republican,40.3,1,
25624,Clinton,Democrat,44.1,1,"Thu, 09 Jun 2016 00:00:00 -0500"
25623,Trump,Republican,40.3,1,
25624,Clinton,Democrat,44.1,1,"Wed, 08 Jun 2016 00:00:00 -0500"
25623,Trump,Republican,41,1,
25624,Clinton,Democrat,44,1,"Tue, 07 Jun 2016 00:00:00 -0500"
25623,Trump,Republican,42,1,
25624,Clinton,Democrat,44,1,"Mon, 06 Jun 2016 00:00:00 -0500"
25623,Trump,Republican,42,1,
25624,Clinton,Democrat,43.8,1,"Sun, 05 Jun 2016 00:00:00 -0500"
25623,Trump,Republican,42.3,1,
25624,Clinton,Democrat,43.8,1,"Sat, 04 Jun 2016 00:00:00 -0500"
25623,Trump,Republican,42.3,1,
25624,Clinton,Democrat,43.8,1,"Fri, 03 Jun 2016 00:00:00 -0500"
25623,Trump,Republican,42.3,1,
25624,Clinton,Democrat,43.8,1,"Thu, 02 Jun 2016 00:00:00 -0500"
25623,Trump,Republican,42.3,1,
25624,Clinton,Democrat,44,1,"Wed, 01 Jun 2016 00:00:00 -0500"
25623,Trump,Republican,42.5,1,
25624,Clinton,Democrat,43.8,1,"Tue, 31 May 2016 00:00:00 -0500"
25623,Trump,Republican,42.8,1,
25624,Clinton,Democrat,43.8,1,"Mon, 30 May 2016 00:00:00 -0500"
25623,Trump,Republican,42.8,1,
25624,Clinton,Democrat,43.8,1,"Sun, 29 May 2016 00:00:00 -0500"
25623,Trump,Republican,42.8,1,
25624,Clinton,Democrat,43.8,1,"Sat, 28 May 2016 00:00:00 -0500"
25623,Trump,Republican,42.8,1,
25624,Clinton,Democrat,43.8,1,"Fri, 27 May 2016 00:00:00 -0500"
25623,Trump,Republican,42.8,1,
25624,Clinton,Democrat,43.8,1,"Thu, 26 May 2016 00:00:00 -0500"
25623,Trump,Republican,42.8,1,
25624,Clinton,Democrat,43.2,1,"Wed, 25 May 2016 00:00:00 -0500"
25623,Trump,Republican,43.4,1,
25624,Clinton,Democrat,43.2,1,"Tue, 24 May 2016 00:00:00 -0500"
25623,Trump,Republican,43.4,1,
25624,Clinton,Democrat,43.2,1,"Mon, 23 May 2016 00:00:00 -0500"
25623,Trump,Republican,43.4,1,
25624,Clinton,Democrat,43.2,1,"Sun, 22 May 2016 00:00:00 -0500"
25623,Trump,Republican,43.4,1,
25624,Clinton,Democrat,44.2,1,"Sat, 21 May 2016 00:00:00 -0500"
25623,Trump,Republican,43,1,
25624,Clinton,Democrat,45.8,1,"Fri, 20 May 2016 00:00:00 -0500"
25623,Trump,Republican,42.7,1,
25624,Clinton,Democrat,45.8,1,"Thu, 19 May 2016 00:00:00 -0500"
25623,Trump,Republican,42.7,1,
25624,Clinton,Democrat,46.2,1,"Wed, 18 May 2016 00:00:00 -0500"
25623,Trump,Republican,42.3,1,
25624,Clinton,Democrat,47,1,"Tue, 17 May 2016 00:00:00 -0500"
25623,Trump,Republican,41.8,1,
25624,Clinton,Democrat,47.3,1,"Mon, 16 May 2016 00:00:00 -0500"
25623,Trump,Republican,41.6,1,
25624,Clinton,Democrat,47.3,1,"Sun, 15 May 2016 00:00:00 -0500"
25623,Trump,Republican,41.6,1,
25624,Clinton,Democrat,47.3,1,"Sat, 14 May 2016 00:00:00 -0500"
25623,Trump,Republican,41.6,1,
25624,Clinton,Democrat,47.3,1,"Fri, 13 May 2016 00:00:00 -0500"
25623,Trump,Republican,41.6,1,
25624,Clinton,Democrat,47.2,1,"Thu, 12 May 2016 00:00:00 -0500"
25623,Trump,Republican,40.8,1,
25624,Clinton,Democrat,47.3,1,"Wed, 11 May 2016 00:00:00 -0500"
25623,Trump,Republican,40.9,1,
25624,Clinton,Democrat,47.3,1,"Tue, 10 May 2016 00:00:00 -0500"
25623,Trump,Republican,40.9,1,
25624,Clinton,Democrat,47.3,1,"Mon, 09 May 2016 00:00:00 -0500"
25623,Trump,Republican,40.8,1,
25624,Clinton,Democrat,47.3,1,"Sun, 08 May 2016 00:00:00 -0500"
25623,Trump,Republican,40.8,1,
25624,Clinton,Democrat,47.3,1,"Sat, 07 May 2016 00:00:00 -0500"
25623,Trump,Republican,40.8,1,
25624,Clinton,Democrat,47.3,1,"Fri, 06 May 2016 00:00:00 -0500"
25623,Trump,Republican,40.8,1,
25624,Clinton,Democrat,47.3,1,"Thu, 05 May 2016 00:00:00 -0500"
25623,Trump,Republican,40.8,1,
25624,Clinton,Democrat,47.3,1,"Wed, 04 May 2016 00:00:00 -0500"
25623,Trump,Republican,40.8,1,
25624,Clinton,Democrat,46.7,1,"Tue, 03 May 2016 00:00:00 -0500"
25623,Trump,Republican,40.5,1,
25624,Clinton,Democrat,47.1,1,"Mon, 02 May 2016 00:00:00 -0500"
25623,Trump,Republican,40.4,1,
25624,Clinton,Democrat,47.4,1,"Sun, 01 May 2016 00:00:00 -0500"
25623,Trump,Republican,40.1,1,
25624,Clinton,Democrat,47.4,1,"Sat, 30 Apr 2016 00:00:00 -0500"
25623,Trump,Republican,40.1,1,
25624,Clinton,Democrat,47.4,1,"Fri, 29 Apr 2016 00:00:00 -0500"
25623,Trump,Republican,40.1,1,
25624,Clinton,Democrat,49,1,"Thu, 28 Apr 2016 00:00:00 -0500"
25623,Trump,Republican,40.5,1,
25624,Clinton,Democrat,49,1,"Wed, 27 Apr 2016 00:00:00 -0500"
25623,Trump,Republican,40.5,1,
25624,Clinton,Democrat,49,1,"Tue, 26 Apr 2016 00:00:00 -0500"
25623,Trump,Republican,40.5,1,
25624,Clinton,Democrat,49,1,"Mon, 25 Apr 2016 00:00:00 -0500"
25623,Trump,Republican,40.5,1,
25624,Clinton,Democrat,49.5,1,"Sun, 24 Apr 2016 00:00:00 -0500"
25623,Trump,Republican,40.3,1,
25624,Clinton,Democrat,49.5,1,"Sat, 23 Apr 2016 00:00:00 -0500"
25623,Trump,Republican,40.3,1,
25624,Clinton,Democrat,49.5,1,"Fri, 22 Apr 2016 00:00:00 -0500"
25623,Trump,Republican,40.3,1,
25624,Clinton,Democrat,48.8,1,"Thu, 21 Apr 2016 00:00:00 -0500"
25623,Trump,Republican,39.5,1,
25624,Clinton,Democrat,48.8,1,"Wed, 20 Apr 2016 00:00:00 -0500"
25623,Trump,Republican,39.5,1,
25624,Clinton,Democrat,48.8,1,"Tue, 19 Apr 2016 00:00:00 -0500"
25623,Trump,Republican,39.5,1,
25624,Clinton,Democrat,48.8,1,"Mon, 18 Apr 2016 00:00:00 -0500"
25623,Trump,Republican,39.5,1,
25624,Clinton,Democrat,49,1,"Sun, 17 Apr 2016 00:00:00 -0500"
25623,Trump,Republican,39.1,1,
25624,Clinton,Democrat,49,1,"Sat, 16 Apr 2016 00:00:00 -0500"
25623,Trump,Republican,39.1,1,
25624,Clinton,Democrat,49,1,"Fri, 15 Apr 2016 00:00:00 -0500"
25623,Trump,Republican,39.1,1,
25624,Clinton,Democrat,49,1,"Thu, 14 Apr 2016 00:00:00 -0500"
25623,Trump,Republican,39.1,1,
25624,Clinton,Democrat,49.1,1,"Wed, 13 Apr 2016 00:00:00 -0500"
25623,Trump,Republican,38.7,1,
25624,Clinton,Democrat,49.1,1,"Tue, 12 Apr 2016 00:00:00 -0500"
25623,Trump,Republican,38.7,1,
25624,Clinton,Democrat,49.6,1,"Mon, 11 Apr 2016 00:00:00 -0500"
25623,Trump,Republican,39,1,
25624,Clinton,Democrat,49.6,1,"Sun, 10 Apr 2016 00:00:00 -0500"
25623,Trump,Republican,39,1,
25624,Clinton,Democrat,49.4,1,"Sat, 09 Apr 2016 00:00:00 -0500"
25623,Trump,Republican,38.9,1,
25624,Clinton,Democrat,49.4,1,"Fri, 08 Apr 2016 00:00:00 -0500"
25623,Trump,Republican,38.9,1,
25624,Clinton,Democrat,49.4,1,"Thu, 07 Apr 2016 00:00:00 -0500"
25623,Trump,Republican,38.9,1,
25624,Clinton,Democrat,49.4,1,"Wed, 06 Apr 2016 00:00:00 -0500"
25623,Trump,Republican,38.6,1,
25624,Clinton,Democrat,49.4,1,"Tue, 05 Apr 2016 00:00:00 -0500"
25623,Trump,Republican,38.6,1,
25624,Clinton,Democrat,49.4,1,"Mon, 04 Apr 2016 00:00:00 -0500"
25623,Trump,Republican,38.6,1,
25624,Clinton,Democrat,49.7,1,"Sun, 03 Apr 2016 00:00:00 -0500"
25623,Trump,Republican,39.1,1,
25624,Clinton,Democrat,49.7,1,"Sat, 02 Apr 2016 00:00:00 -0500"
25623,Trump,Republican,39.1,1,
25624,Clinton,Democrat,49.7,1,"Fri, 01 Apr 2016 00:00:00 -0500"
25623,Trump,Republican,39.1,1,
25624,Clinton,Democrat,49.7,1,"Thu, 31 Mar 2016 00:00:00 -0500"
25623,Trump,Republican,39.1,1,
25624,Clinton,Democrat,50,1,"Wed, 30 Mar 2016 00:00:00 -0500"
25623,Trump,Republican,38.8,1,
25624,Clinton,Democrat,50,1,"Tue, 29 Mar 2016 00:00:00 -0500"
25623,Trump,Republican,38.8,1,
25624,Clinton,Democrat,50,1,"Mon, 28 Mar 2016 00:00:00 -0500"
25623,Trump,Republican,38.8,1,
25624,Clinton,Democrat,50,1,"Sun, 27 Mar 2016 00:00:00 -0500"
25623,Trump,Republican,38.8,1,
25624,Clinton,Democrat,50,1,"Sat, 26 Mar 2016 00:00:00 -0500"
25623,Trump,Republican,38.8,1,
25624,Clinton,Democrat,50,1,"Fri, 25 Mar 2016 00:00:00 -0500"
25623,Trump,Republican,38.8,1,
25624,Clinton,Democrat,50,1,"Thu, 24 Mar 2016 00:00:00 -0500"
25623,Trump,Republican,38.8,1,
25624,Clinton,Democrat,50.4,1,"Wed, 23 Mar 2016 00:00:00 -0500"
25623,Trump,Republican,39,1,
25624,Clinton,Democrat,49,1,"Tue, 22 Mar 2016 00:00:00 -0500"
25623,Trump,Republican,39.2,1,
25624,Clinton,Democrat,49,1,"Mon, 21 Mar 2016 00:00:00 -0500"
25623,Trump,Republican,39.2,1,
25624,Clinton,Democrat,48.5,1,"Sun, 20 Mar 2016 00:00:00 -0500"
25623,Trump,Republican,39.8,1,
25624,Clinton,Democrat,48.5,1,"Sat, 19 Mar 2016 00:00:00 -0500"
25623,Trump,Republican,39.8,1,
25624,Clinton,Democrat,48.5,1,"Fri, 18 Mar 2016 00:00:00 -0500"
25623,Trump,Republican,39.8,1,
25624,Clinton,Democrat,48.2,1,"Thu, 17 Mar 2016 00:00:00 -0500"
25623,Trump,Republican,40.2,1,
25624,Clinton,Democrat,48.2,1,"Wed, 16 Mar 2016 00:00:00 -0500"
25623,Trump,Republican,40.2,1,
25624,Clinton,Democrat,48.2,1,"Tue, 15 Mar 2016 00:00:00 -0500"
25623,Trump,Republican,40.2,1,
25624,Clinton,Democrat,47.3,1,"Mon, 14 Mar 2016 00:00:00 -0500"
25623,Trump,Republican,41,1,
25624,Clinton,Democrat,47.3,1,"Sun, 13 Mar 2016 00:00:00 -0600"
25623,Trump,Republican,41,1,
25624,Clinton,Democrat,47.3,1,"Sat, 12 Mar 2016 00:00:00 -0600"
25623,Trump,Republican,41,1,
25624,Clinton,Democrat,47.3,1,"Fri, 11 Mar 2016 00:00:00 -0600"
25623,Trump,Republican,41,1,
25624,Clinton,Democrat,47.3,1,"Thu, 10 Mar 2016 00:00:00 -0600"
25623,Trump,Republican,41,1,
25624,Clinton,Democrat,47.3,1,"Wed, 09 Mar 2016 00:00:00 -0600"
25623,Trump,Republican,41,1,
25624,Clinton,Democrat,45.8,1,"Tue, 08 Mar 2016 00:00:00 -0600"
25623,Trump,Republican,41.8,1,
25624,Clinton,Democrat,45.8,1,"Mon, 07 Mar 2016 00:00:00 -0600"
25623,Trump,Republican,41.8,1,
25624,Clinton,Democrat,45.8,1,"Sun, 06 Mar 2016 00:00:00 -0600"
25623,Trump,Republican,41.8,1,
25624,Clinton,Democrat,45.4,1,"Sat, 05 Mar 2016 00:00:00 -0600"
25623,Trump,Republican,42,1,
25624,Clinton,Democrat,45.4,1,"Fri, 04 Mar 2016 00:00:00 -0600"
25623,Trump,Republican,42,1,
25624,Clinton,Democrat,45.4,1,"Thu, 03 Mar 2016 00:00:00 -0600"
25623,Trump,Republican,42,1,
25624,Clinton,Democrat,45.4,1,"Wed, 02 Mar 2016 00:00:00 -0600"
25623,Trump,Republican,42,1,
25624,Clinton,Democrat,46.5,1,"Tue, 01 Mar 2016 00:00:00 -0600"
25623,Trump,Republican,43.5,1,
25624,Clinton,Democrat,45.3,1,"Mon, 29 Feb 2016 00:00:00 -0600"
25623,Trump,Republican,42.5,1,
25624,Clinton,Democrat,45.3,1,"Sun, 28 Feb 2016 00:00:00 -0600"
25623,Trump,Republican,42.5,1,
25624,Clinton,Democrat,45.3,1,"Sat, 27 Feb 2016 00:00:00 -0600"
25623,Trump,Republican,42.5,1,
25624,Clinton,Democrat,45.3,1,"Fri, 26 Feb 2016 00:00:00 -0600"
25623,Trump,Republican,42.5,1,
25624,Clinton,Democrat,45.3,1,"Thu, 25 Feb 2016 00:00:00 -0600"
25623,Trump,Republican,42.5,1,
25624,Clinton,Democrat,45.3,1,"Wed, 24 Feb 2016 00:00:00 -0600"
25623,Trump,Republican,42.5,1,
25624,Clinton,Democrat,45.3,1,"Tue, 23 Feb 2016 00:00:00 -0600"
25623,Trump,Republican,42.5,1,
25624,Clinton,Democrat,45.3,1,"Mon, 22 Feb 2016 00:00:00 -0600"
25623,Trump,Republican,42.5,1,
25624,Clinton,Democrat,45.3,1,"Sun, 21 Feb 2016 00:00:00 -0600"
25623,Trump,Republican,42.5,1,
25624,Clinton,Democrat,45.3,1,"Sat, 20 Feb 2016 00:00:00 -0600"
25623,Trump,Republican,42.5,1,
25624,Clinton,Democrat,45.3,1,"Fri, 19 Feb 2016 00:00:00 -0600"
25623,Trump,Republican,42.5,1,
25624,Clinton,Democrat,45.3,1,"Thu, 18 Feb 2016 00:00:00 -0600"
25623,Trump,Republican,42.5,1,
25624,Clinton,Democrat,46.2,1,"Wed, 17 Feb 2016 00:00:00 -0600"
25623,Trump,Republican,42.8,1,
25624,Clinton,Democrat,46.2,1,"Tue, 16 Feb 2016 00:00:00 -0600"
25623,Trump,Republican,42.8,1,
25624,Clinton,Democrat,47,1,"Mon, 15 Feb 2016 00:00:00 -0600"
25623,Trump,Republican,42.3,1,
25624,Clinton,Democrat,47,1,"Sun, 14 Feb 2016 00:00:00 -0600"
25623,Trump,Republican,42.3,1,
25624,Clinton,Democrat,47,1,"Sat, 13 Feb 2016 00:00:00 -0600"
25623,Trump,Republican,42.3,1,
25624,Clinton,Democrat,47,1,"Fri, 12 Feb 2016 00:00:00 -0600"
25623,Trump,Republican,42.3,1,
25624,Clinton,Democrat,47,1,"Thu, 11 Feb 2016 00:00:00 -0600"
25623,Trump,Republican,42.3,1,
25624,Clinton,Democrat,47,1,"Wed, 10 Feb 2016 00:00:00 -0600"
25623,Trump,Republican,42.3,1,
25624,Clinton,Democrat,47,1,"Tue, 09 Feb 2016 00:00:00 -0600"
25623,Trump,Republican,42.3,1,
25624,Clinton,Democrat,47,1,"Mon, 08 Feb 2016 00:00:00 -0600"
25623,Trump,Republican,43,1,
25624,Clinton,Democrat,47,1,"Sun, 07 Feb 2016 00:00:00 -0600"
25623,Trump,Republican,43,1,
25624,Clinton,Democrat,47,1,"Sat, 06 Feb 2016 00:00:00 -0600"
25623,Trump,Republican,43,1,
25624,Clinton,Democrat,47,1,"Fri, 05 Feb 2016 00:00:00 -0600"
25623,Trump,Republican,43,1,
25624,Clinton,Democrat,47.5,1,"Thu, 04 Feb 2016 00:00:00 -0600"
25623,Trump,Republican,44,1,
25624,Clinton,Democrat,47.5,1,"Wed, 03 Feb 2016 00:00:00 -0600"
25623,Trump,Republican,44,1,
25624,Clinton,Democrat,47.5,1,"Tue, 02 Feb 2016 00:00:00 -0600"
25623,Trump,Republican,44,1,
25624,Clinton,Democrat,47.5,1,"Mon, 01 Feb 2016 00:00:00 -0600"
25623,Trump,Republican,44,1,
25624,Clinton,Democrat,44,1,"Sun, 31 Jan 2016 00:00:00 -0600"
25623,Trump,Republican,41.3,1,
25624,Clinton,Democrat,44,1,"Sat, 30 Jan 2016 00:00:00 -0600"
25623,Trump,Republican,41.3,1,
25624,Clinton,Democrat,44,1,"Fri, 29 Jan 2016 00:00:00 -0600"
25623,Trump,Republican,41.3,1,
25624,Clinton,Democrat,44,1,"Thu, 28 Jan 2016 00:00:00 -0600"
25623,Trump,Republican,41.3,1,
25624,Clinton,Democrat,44,1,"Wed, 27 Jan 2016 00:00:00 -0600"
25623,Trump,Republican,41.3,1,
25624,Clinton,Democrat,44,1,"Tue, 26 Jan 2016 00:00:00 -0600"
25623,Trump,Republican,41.3,1,
25624,Clinton,Democrat,44,1,"Mon, 25 Jan 2016 00:00:00 -0600"
25623,Trump,Republican,41.3,1,
25624,Clinton,Democrat,44,1,"Sun, 24 Jan 2016 00:00:00 -0600"
25623,Trump,Republican,41.3,1,
25624,Clinton,Democrat,44,1,"Sat, 23 Jan 2016 00:00:00 -0600"
25623,Trump,Republican,41.3,1,
25624,Clinton,Democrat,44,1,"Fri, 22 Jan 2016 00:00:00 -0600"
25623,Trump,Republican,41.3,1,
25624,Clinton,Democrat,45.3,1,"Thu, 21 Jan 2016 00:00:00 -0600"
25623,Trump,Republican,42.8,1,
25624,Clinton,Democrat,45.3,1,"Wed, 20 Jan 2016 00:00:00 -0600"
25623,Trump,Republican,42.8,1,
25624,Clinton,Democrat,45.3,1,"Tue, 19 Jan 2016 00:00:00 -0600"
25623,Trump,Republican,42.8,1,
25624,Clinton,Democrat,45.3,1,"Mon, 18 Jan 2016 00:00:00 -0600"
25623,Trump,Republican,42.8,1,
25624,Clinton,Democrat,45.3,1,"Sun, 17 Jan 2016 00:00:00 -0600"
25623,Trump,Republican,42.8,1,
25624,Clinton,Democrat,44.3,1,"Sat, 16 Jan 2016 00:00:00 -0600"
25623,Trump,Republican,42.5,1,
25624,Clinton,Democrat,44.3,1,"Fri, 15 Jan 2016 00:00:00 -0600"
25623,Trump,Republican,42.5,1,
25624,Clinton,Democrat,44.3,1,"Thu, 14 Jan 2016 00:00:00 -0600"
25623,Trump,Republican,42.5,1,
25624,Clinton,Democrat,44.3,1,"Wed, 13 Jan 2016 00:00:00 -0600"
25623,Trump,Republican,42.5,1,
25624,Clinton,Democrat,44.6,1,"Tue, 12 Jan 2016 00:00:00 -0600"
25623,Trump,Republican,42.6,1,
25624,Clinton,Democrat,44.6,1,"Mon, 11 Jan 2016 00:00:00 -0600"
25623,Trump,Republican,42.6,1,
25624,Clinton,Democrat,44.6,1,"Sun, 10 Jan 2016 00:00:00 -0600"
25623,Trump,Republican,42.6,1,
25624,Clinton,Democrat,44.6,1,"Sat, 09 Jan 2016 00:00:00 -0600"
25623,Trump,Republican,42.6,1,
25624,Clinton,Democrat,44.6,1,"Fri, 08 Jan 2016 00:00:00 -0600"
25623,Trump,Republican,42.6,1,
25624,Clinton,Democrat,45.6,1,"Thu, 07 Jan 2016 00:00:00 -0600"
25623,Trump,Republican,40.8,1,
25624,Clinton,Democrat,45.6,1,"Wed, 06 Jan 2016 00:00:00 -0600"
25623,Trump,Republican,40.8,1,
25624,Clinton,Democrat,45.6,1,"Tue, 05 Jan 2016 00:00:00 -0600"
25623,Trump,Republican,40.8,1,
25624,Clinton,Democrat,45.6,1,"Mon, 04 Jan 2016 00:00:00 -0600"
25623,Trump,Republican,40.8,1,
25624,Clinton,Democrat,45.6,1,"Sun, 03 Jan 2016 00:00:00 -0600"
25623,Trump,Republican,40.8,1,
25624,Clinton,Democrat,45.6,1,"Sat, 02 Jan 2016 00:00:00 -0600"
25623,Trump,Republican,40.8,1,
25624,Clinton,Democrat,46.3,1,"Fri, 01 Jan 2016 00:00:00 -0600"
25623,Trump,Republican,41.3,1,
25624,Clinton,Democrat,46.3,1,"Thu, 31 Dec 2015 00:00:00 -0600"
25623,Trump,Republican,41.3,1,
25624,Clinton,Democrat,46.3,1,"Wed, 30 Dec 2015 00:00:00 -0600"
25623,Trump,Republican,41.3,1,
25624,Clinton,Democrat,46.3,1,"Tue, 29 Dec 2015 00:00:00 -0600"
25623,Trump,Republican,41.3,1,
25624,Clinton,Democrat,47,1,"Mon, 28 Dec 2015 00:00:00 -0600"
25623,Trump,Republican,41.5,1,
25624,Clinton,Democrat,47,1,"Sun, 27 Dec 2015 00:00:00 -0600"
25623,Trump,Republican,41.5,1,
25624,Clinton,Democrat,47,1,"Sat, 26 Dec 2015 00:00:00 -0600"
25623,Trump,Republican,41.5,1,
25624,Clinton,Democrat,48.4,1,"Fri, 25 Dec 2015 00:00:00 -0600"
25623,Trump,Republican,42.3,1,
25624,Clinton,Democrat,48.4,1,"Thu, 24 Dec 2015 00:00:00 -0600"
25623,Trump,Republican,42.3,1,
25624,Clinton,Democrat,48.4,1,"Wed, 23 Dec 2015 00:00:00 -0600"
25623,Trump,Republican,42.3,1,
25624,Clinton,Democrat,48.4,1,"Tue, 22 Dec 2015 00:00:00 -0600"
25623,Trump,Republican,42.1,1,
25624,Clinton,Democrat,48.4,1,"Mon, 21 Dec 2015 00:00:00 -0600"
25623,Trump,Republican,42.3,1,
25624,Clinton,Democrat,48.8,1,"Sun, 20 Dec 2015 00:00:00 -0600"
25623,Trump,Republican,42.2,1,
25624,Clinton,Democrat,48.8,1,"Sat, 19 Dec 2015 00:00:00 -0600"
25623,Trump,Republican,42.2,1,
25624,Clinton,Democrat,48.8,1,"Fri, 18 Dec 2015 00:00:00 -0600"
25623,Trump,Republican,42.2,1,
25624,Clinton,Democrat,48.8,1,"Thu, 17 Dec 2015 00:00:00 -0600"
25623,Trump,Republican,43,1,
25624,Clinton,Democrat,48.8,1,"Wed, 16 Dec 2015 00:00:00 -0600"
25623,Trump,Republican,43,1,
25624,Clinton,Democrat,48.8,1,"Tue, 15 Dec 2015 00:00:00 -0600"
25623,Trump,Republican,43,1,
25624,Clinton,Democrat,48.5,1,"Mon, 14 Dec 2015 00:00:00 -0600"
25623,Trump,Republican,42.8,1,
25624,Clinton,Democrat,47.4,1,"Sun, 13 Dec 2015 00:00:00 -0600"
25623,Trump,Republican,43.1,1,
25624,Clinton,Democrat,47.4,1,"Sat, 12 Dec 2015 00:00:00 -0600"
25623,Trump,Republican,43.1,1,
25624,Clinton,Democrat,47,1,"Fri, 11 Dec 2015 00:00:00 -0600"
25623,Trump,Republican,43.7,1,
25624,Clinton,Democrat,47,1,"Thu, 10 Dec 2015 00:00:00 -0600"
25623,Trump,Republican,43.7,1,
25624,Clinton,Democrat,47,1,"Wed, 09 Dec 2015 00:00:00 -0600"
25623,Trump,Republican,43.7,1,
25624,Clinton,Democrat,47,1,"Tue, 08 Dec 2015 00:00:00 -0600"
25623,Trump,Republican,43.7,1,
25624,Clinton,Democrat,46.8,1,"Mon, 07 Dec 2015 00:00:00 -0600"
25623,Trump,Republican,43.6,1,
25624,Clinton,Democrat,45.5,1,"Sun, 06 Dec 2015 00:00:00 -0600"
25623,Trump,Republican,44.3,1,
25624,Clinton,Democrat,45.5,1,"Sat, 05 Dec 2015 00:00:00 -0600"
25623,Trump,Republican,44.3,1,
25624,Clinton,Democrat,44.3,1,"Fri, 04 Dec 2015 00:00:00 -0600"
25623,Trump,Republican,43.7,1,
25624,Clinton,Democrat,44.3,1,"Thu, 03 Dec 2015 00:00:00 -0600"
25623,Trump,Republican,43.7,1,
25624,Clinton,Democrat,44.3,1,"Wed, 02 Dec 2015 00:00:00 -0600"
25623,Trump,Republican,43.7,1,
25624,Clinton,Democrat,47,1,"Tue, 01 Dec 2015 00:00:00 -0600"
25623,Trump,Republican,43.5,1,
25624,Clinton,Democrat,47,1,"Mon, 30 Nov 2015 00:00:00 -0600"
25623,Trump,Republican,43.5,1,
25624,Clinton,Democrat,47,1,"Sun, 29 Nov 2015 00:00:00 -0600"
25623,Trump,Republican,43.5,1,
25624,Clinton,Democrat,47.6,1,"Sat, 28 Nov 2015 00:00:00 -0600"
25623,Trump,Republican,43.2,1,
25624,Clinton,Democrat,47.6,1,"Fri, 27 Nov 2015 00:00:00 -0600"
25623,Trump,Republican,43.2,1,
25624,Clinton,Democrat,47.6,1,"Thu, 26 Nov 2015 00:00:00 -0600"
25623,Trump,Republican,43.2,1,
25624,Clinton,Democrat,47.6,1,"Wed, 25 Nov 2015 00:00:00 -0600"
25623,Trump,Republican,43.2,1,
25624,Clinton,Democrat,47.6,1,"Tue, 24 Nov 2015 00:00:00 -0600"
25623,Trump,Republican,43.2,1,
25624,Clinton,Democrat,47.6,1,"Mon, 23 Nov 2015 00:00:00 -0600"
25623,Trump,Republican,43.2,1,
25624,Clinton,Democrat,47.6,1,"Sun, 22 Nov 2015 00:00:00 -0600"
25623,Trump,Republican,43.2,1,
25624,Clinton,Democrat,47.8,1,"Sat, 21 Nov 2015 00:00:00 -0600"
25623,Trump,Republican,43.3,1,
25624,Clinton,Democrat,47.8,1,"Fri, 20 Nov 2015 00:00:00 -0600"
25623,Trump,Republican,43.3,1,
25624,Clinton,Democrat,47.8,1,"Thu, 19 Nov 2015 00:00:00 -0600"
25623,Trump,Republican,43.3,1,
25624,Clinton,Democrat,47.7,1,"Wed, 18 Nov 2015 00:00:00 -0600"
25623,Trump,Republican,43.3,1,
25624,Clinton,Democrat,47.7,1,"Tue, 17 Nov 2015 00:00:00 -0600"
25623,Trump,Republican,43.3,1,
25624,Clinton,Democrat,47.7,1,"Mon, 16 Nov 2015 00:00:00 -0600"
25623,Trump,Republican,43.3,1,
25624,Clinton,Democrat,47.7,1,"Sun, 15 Nov 2015 00:00:00 -0600"
25623,Trump,Republican,43.3,1,
25624,Clinton,Democrat,47.7,1,"Sat, 14 Nov 2015 00:00:00 -0600"
25623,Trump,Republican,43.3,1,
25624,Clinton,Democrat,47.7,1,"Fri, 13 Nov 2015 00:00:00 -0600"
25623,Trump,Republican,43.3,1,
25624,Clinton,Democrat,47.7,1,"Thu, 12 Nov 2015 00:00:00 -0600"
25623,Trump,Republican,43.3,1,
25624,Clinton,Democrat,47.7,1,"Wed, 11 Nov 2015 00:00:00 -0600"
25623,Trump,Republican,43.3,1,
25624,Clinton,Democrat,47.7,1,"Tue, 10 Nov 2015 00:00:00 -0600"
25623,Trump,Republican,43.3,1,
25624,Clinton,Democrat,47.7,1,"Mon, 09 Nov 2015 00:00:00 -0600"
25623,Trump,Republican,43.3,1,
25624,Clinton,Democrat,46,1,"Sun, 08 Nov 2015 00:00:00 -0600"
25623,Trump,Republican,43.8,1,
25624,Clinton,Democrat,46,1,"Sat, 07 Nov 2015 00:00:00 -0600"
25623,Trump,Republican,43.8,1,
25624,Clinton,Democrat,46,1,"Fri, 06 Nov 2015 00:00:00 -0600"
25623,Trump,Republican,43.8,1,
25624,Clinton,Democrat,46,1,"Thu, 05 Nov 2015 00:00:00 -0600"
25623,Trump,Republican,43.8,1,
25624,Clinton,Democrat,46,1,"Wed, 04 Nov 2015 00:00:00 -0600"
25623,Trump,Republican,43.8,1,
25624,Clinton,Democrat,45.8,1,"Tue, 03 Nov 2015 00:00:00 -0600"
25623,Trump,Republican,43.7,1,
25624,Clinton,Democrat,45.7,1,"Mon, 02 Nov 2015 00:00:00 -0600"
25623,Trump,Republican,43.2,1,
25624,Clinton,Democrat,45.7,1,"Sun, 01 Nov 2015 00:00:00 -0500"
25623,Trump,Republican,43.2,1,
25624,Clinton,Democrat,45.7,1,"Sat, 31 Oct 2015 00:00:00 -0500"
25623,Trump,Republican,43.2,1,
25624,Clinton,Democrat,45.7,1,"Fri, 30 Oct 2015 00:00:00 -0500"
25623,Trump,Republican,43.2,1,
25624,Clinton,Democrat,45.7,1,"Thu, 29 Oct 2015 00:00:00 -0500"
25623,Trump,Republican,43.2,1,
25624,Clinton,Democrat,45.7,1,"Wed, 28 Oct 2015 00:00:00 -0500"
25623,Trump,Republican,43.2,1,
25624,Clinton,Democrat,45.7,1,"Tue, 27 Oct 2015 00:00:00 -0500"
25623,Trump,Republican,43.2,1,
25624,Clinton,Democrat,45.7,1,"Mon, 26 Oct 2015 00:00:00 -0500"
25623,Trump,Republican,43.2,1,
25624,Clinton,Democrat,45.7,1,"Sun, 25 Oct 2015 00:00:00 -0500"
25623,Trump,Republican,43.2,1,
25624,Clinton,Democrat,45.7,1,"Sat, 24 Oct 2015 00:00:00 -0500"
25623,Trump,Republican,43.2,1,
25624,Clinton,Democrat,45.7,1,"Fri, 23 Oct 2015 00:00:00 -0500"
25623,Trump,Republican,43.2,1,
25624,Clinton,Democrat,45.7,1,"Thu, 22 Oct 2015 00:00:00 -0500"
25623,Trump,Republican,43.2,1,
25624,Clinton,Democrat,45.7,1,"Wed, 21 Oct 2015 00:00:00 -0500"
25623,Trump,Republican,43.2,1,
25624,Clinton,Democrat,45.7,1,"Tue, 20 Oct 2015 00:00:00 -0500"
25623,Trump,Republican,43.2,1,
25624,Clinton,Democrat,45.7,1,"Mon, 19 Oct 2015 00:00:00 -0500"
25623,Trump,Republican,43.2,1,
25624,Clinton,Democrat,45.3,1,"Sun, 18 Oct 2015 00:00:00 -0500"
25623,Trump,Republican,43.7,1,
25624,Clinton,Democrat,45.3,1,"Sat, 17 Oct 2015 00:00:00 -0500"
25623,Trump,Republican,43.7,1,
25624,Clinton,Democrat,45.3,1,"Fri, 16 Oct 2015 00:00:00 -0500"
25623,Trump,Republican,43.7,1,
25624,Clinton,Democrat,45.3,1,"Thu, 15 Oct 2015 00:00:00 -0500"
25623,Trump,Republican,43.7,1,
25624,Clinton,Democrat,45.3,1,"Wed, 14 Oct 2015 00:00:00 -0500"
25623,Trump,Republican,43.7,1,
25624,Clinton,Democrat,45.3,1,"Tue, 13 Oct 2015 00:00:00 -0500"
25623,Trump,Republican,43.7,1,
25624,Clinton,Democrat,46.4,1,"Mon, 12 Oct 2015 00:00:00 -0500"
25623,Trump,Republican,43.4,1,
25624,Clinton,Democrat,46.4,1,"Sun, 11 Oct 2015 00:00:00 -0500"
25623,Trump,Republican,43.4,1,
25624,Clinton,Democrat,46.4,1,"Sat, 10 Oct 2015 00:00:00 -0500"
25623,Trump,Republican,43,1,
25624,Clinton,Democrat,46.4,1,"Fri, 09 Oct 2015 00:00:00 -0500"
25623,Trump,Republican,43,1,
25624,Clinton,Democrat,46.4,1,"Thu, 08 Oct 2015 00:00:00 -0500"
25623,Trump,Republican,43,1,
25624,Clinton,Democrat,46.4,1,"Wed, 07 Oct 2015 00:00:00 -0500"
25623,Trump,Republican,43,1,
25624,Clinton,Democrat,46.6,1,"Tue, 06 Oct 2015 00:00:00 -0500"
25623,Trump,Republican,43,1,
25624,Clinton,Democrat,46.6,1,"Mon, 05 Oct 2015 00:00:00 -0500"
25623,Trump,Republican,43,1,
25624,Clinton,Democrat,46.6,1,"Sun, 04 Oct 2015 00:00:00 -0500"
25623,Trump,Republican,43,1,
25624,Clinton,Democrat,46.6,1,"Sat, 03 Oct 2015 00:00:00 -0500"
25623,Trump,Republican,43,1,
25624,Clinton,Democrat,46.6,1,"Fri, 02 Oct 2015 00:00:00 -0500"
25623,Trump,Republican,43,1,
25624,Clinton,Democrat,46.6,1,"Thu, 01 Oct 2015 00:00:00 -0500"
25623,Trump,Republican,43,1,
25624,Clinton,Democrat,46.6,1,"Wed, 30 Sep 2015 00:00:00 -0500"
25623,Trump,Republican,43,1,
25624,Clinton,Democrat,46.6,1,"Tue, 29 Sep 2015 00:00:00 -0500"
25623,Trump,Republican,43,1,
25624,Clinton,Democrat,46.6,1,"Mon, 28 Sep 2015 00:00:00 -0500"
25623,Trump,Republican,43,1,
25624,Clinton,Democrat,46.3,1,"Sun, 27 Sep 2015 00:00:00 -0500"
25623,Trump,Republican,43.6,1,
25624,Clinton,Democrat,46.3,1,"Sat, 26 Sep 2015 00:00:00 -0500"
25623,Trump,Republican,43.6,1,
25624,Clinton,Democrat,46.3,1,"Fri, 25 Sep 2015 00:00:00 -0500"
25623,Trump,Republican,43.6,1,
25624,Clinton,Democrat,46.3,1,"Thu, 24 Sep 2015 00:00:00 -0500"
25623,Trump,Republican,43.6,1,
25624,Clinton,Democrat,46.3,1,"Wed, 23 Sep 2015 00:00:00 -0500"
25623,Trump,Republican,43.3,1,
25624,Clinton,Democrat,46.3,1,"Tue, 22 Sep 2015 00:00:00 -0500"
25623,Trump,Republican,43.5,1,
25624,Clinton,Democrat,46.3,1,"Mon, 21 Sep 2015 00:00:00 -0500"
25623,Trump,Republican,43.5,1,
25624,Clinton,Democrat,46.3,1,"Sun, 20 Sep 2015 00:00:00 -0500"
25623,Trump,Republican,43.5,1,
25624,Clinton,Democrat,46.3,1,"Sat, 19 Sep 2015 00:00:00 -0500"
25623,Trump,Republican,43.5,1,
25624,Clinton,Democrat,46.3,1,"Fri, 18 Sep 2015 00:00:00 -0500"
25623,Trump,Republican,43.5,1,
25624,Clinton,Democrat,46.3,1,"Thu, 17 Sep 2015 00:00:00 -0500"
25623,Trump,Republican,43.5,1,
25624,Clinton,Democrat,46.3,1,"Wed, 16 Sep 2015 00:00:00 -0500"
25623,Trump,Republican,43.5,1,
25624,Clinton,Democrat,46.3,1,"Tue, 15 Sep 2015 00:00:00 -0500"
25623,Trump,Republican,43.5,1,
25624,Clinton,Democrat,45,1,"Mon, 14 Sep 2015 00:00:00 -0500"
25623,Trump,Republican,44.2,1,
25624,Clinton,Democrat,45,1,"Sun, 13 Sep 2015 00:00:00 -0500"
25623,Trump,Republican,44.2,1,
25624,Clinton,Democrat,45.2,1,"Sat, 12 Sep 2015 00:00:00 -0500"
25623,Trump,Republican,44,1,
25624,Clinton,Democrat,45.2,1,"Fri, 11 Sep 2015 00:00:00 -0500"
25623,Trump,Republican,44,1,
25624,Clinton,Democrat,45.2,1,"Thu, 10 Sep 2015 00:00:00 -0500"
25623,Trump,Republican,44,1,
25624,Clinton,Democrat,45.8,1,"Wed, 09 Sep 2015 00:00:00 -0500"
25623,Trump,Republican,43.4,1,
25624,Clinton,Democrat,45.8,1,"Tue, 08 Sep 2015 00:00:00 -0500"
25623,Trump,Republican,43.4,1,
25624,Clinton,Democrat,45.8,1,"Mon, 07 Sep 2015 00:00:00 -0500"
25623,Trump,Republican,43.4,1,
25624,Clinton,Democrat,45.8,1,"Sun, 06 Sep 2015 00:00:00 -0500"
25623,Trump,Republican,43.4,1,
25624,Clinton,Democrat,45.8,1,"Sat, 05 Sep 2015 00:00:00 -0500"
25623,Trump,Republican,43.4,1,
25624,Clinton,Democrat,47.3,1,"Fri, 04 Sep 2015 00:00:00 -0500"
25623,Trump,Republican,43,1,
25624,Clinton,Democrat,47.3,1,"Thu, 03 Sep 2015 00:00:00 -0500"
25623,Trump,Republican,43,1,
25624,Clinton,Democrat,48.6,1,"Wed, 02 Sep 2015 00:00:00 -0500"
25623,Trump,Republican,42,1,
25624,Clinton,Democrat,48.6,1,"Tue, 01 Sep 2015 00:00:00 -0500"
25623,Trump,Republican,42,1,
25624,Clinton,Democrat,49.4,1,"Mon, 31 Aug 2015 00:00:00 -0500"
25623,Trump,Republican,40.6,1,
25624,Clinton,Democrat,49.4,1,"Sun, 30 Aug 2015 00:00:00 -0500"
25623,Trump,Republican,40.6,1,
25624,Clinton,Democrat,49.4,1,"Sat, 29 Aug 2015 00:00:00 -0500"
25623,Trump,Republican,40.6,1,
25624,Clinton,Democrat,49.4,1,"Fri, 28 Aug 2015 00:00:00 -0500"
25623,Trump,Republican,40.6,1,
25624,Clinton,Democrat,49.4,1,"Thu, 27 Aug 2015 00:00:00 -0500"
25623,Trump,Republican,40.6,1,
25624,Clinton,Democrat,50,1,"Wed, 26 Aug 2015 00:00:00 -0500"
25623,Trump,Republican,39.6,1,
25624,Clinton,Democrat,50,1,"Tue, 25 Aug 2015 00:00:00 -0500"
25623,Trump,Republican,39.6,1,
25624,Clinton,Democrat,50,1,"Mon, 24 Aug 2015 00:00:00 -0500"
25623,Trump,Republican,39.6,1,
25624,Clinton,Democrat,50,1,"Sun, 23 Aug 2015 00:00:00 -0500"
25623,Trump,Republican,39.6,1,
25624,Clinton,Democrat,50,1,"Sat, 22 Aug 2015 00:00:00 -0500"
25623,Trump,Republican,39.6,1,
25624,Clinton,Democrat,50,1,"Fri, 21 Aug 2015 00:00:00 -0500"
25623,Trump,Republican,39.6,1,
25624,Clinton,Democrat,50,1,"Thu, 20 Aug 2015 00:00:00 -0500"
25623,Trump,Republican,39.6,1,
25624,Clinton,Democrat,50,1,"Wed, 19 Aug 2015 00:00:00 -0500"
25623,Trump,Republican,39.6,1,
25624,Clinton,Democrat,51,1,"Tue, 18 Aug 2015 00:00:00 -0500"
25623,Trump,Republican,38.6,1,
25624,Clinton,Democrat,51,1,"Mon, 17 Aug 2015 00:00:00 -0500"
25623,Trump,Republican,38.6,1,
25624,Clinton,Democrat,51,1,"Sun, 16 Aug 2015 00:00:00 -0500"
25623,Trump,Republican,38.6,1,
25624,Clinton,Democrat,52,1,"Sat, 15 Aug 2015 00:00:00 -0500"
25623,Trump,Republican,37.8,1,
25624,Clinton,Democrat,52,1,"Fri, 14 Aug 2015 00:00:00 -0500"
25623,Trump,Republican,37.8,1,
25624,Clinton,Democrat,52,1,"Thu, 13 Aug 2015 00:00:00 -0500"
25623,Trump,Republican,37.8,1,
25624,Clinton,Democrat,52,1,"Wed, 12 Aug 2015 00:00:00 -0500"
25623,Trump,Republican,37.8,1,
25624,Clinton,Democrat,52,1,"Tue, 11 Aug 2015 00:00:00 -0500"
25623,Trump,Republican,37.8,1,
25624,Clinton,Democrat,52,1,"Mon, 10 Aug 2015 00:00:00 -0500"
25623,Trump,Republican,37.8,1,
25624,Clinton,Democrat,52,1,"Sun, 09 Aug 2015 00:00:00 -0500"
25623,Trump,Republican,37.8,1,
25624,Clinton,Democrat,51.8,1,"Sat, 08 Aug 2015 00:00:00 -0500"
25623,Trump,Republican,37,1,
25624,Clinton,Democrat,51.8,1,"Fri, 07 Aug 2015 00:00:00 -0500"
25623,Trump,Republican,37,1,
25624,Clinton,Democrat,51.8,1,"Thu, 06 Aug 2015 00:00:00 -0500"
25623,Trump,Republican,37,1,
25624,Clinton,Democrat,51.8,1,"Wed, 05 Aug 2015 00:00:00 -0500"
25623,Trump,Republican,37,1,
25624,Clinton,Democrat,51.8,1,"Tue, 04 Aug 2015 00:00:00 -0500"
25623,Trump,Republican,37,1,
25624,Clinton,Democrat,51.8,1,"Mon, 03 Aug 2015 00:00:00 -0500"
25623,Trump,Republican,37,1,
25624,Clinton,Democrat,51.8,1,"Sun, 02 Aug 2015 00:00:00 -0500"
25623,Trump,Republican,37,1,
25624,Clinton,Democrat,51.8,1,"Sat, 01 Aug 2015 00:00:00 -0500"
25623,Trump,Republican,37,1,
25624,Clinton,Democrat,51.8,1,"Fri, 31 Jul 2015 00:00:00 -0500"
25623,Trump,Republican,37,1,
25624,Clinton,Democrat,51.2,1,"Thu, 30 Jul 2015 00:00:00 -0500"
25623,Trump,Republican,36.2,1,
25624,Clinton,Democrat,51.6,1,"Wed, 29 Jul 2015 00:00:00 -0500"
25623,Trump,Republican,35.4,1,
25624,Clinton,Democrat,51.6,1,"Tue, 28 Jul 2015 00:00:00 -0500"
25623,Trump,Republican,35.4,1,
25624,Clinton,Democrat,51.6,1,"Mon, 27 Jul 2015 00:00:00 -0500"
25623,Trump,Republican,35.4,1,
25624,Clinton,Democrat,51.6,1,"Sun, 26 Jul 2015 00:00:00 -0500"
25623,Trump,Republican,35.4,1,
25624,Clinton,Democrat,52.2,1,"Sat, 25 Jul 2015 00:00:00 -0500"
25623,Trump,Republican,34.4,1,
25624,Clinton,Democrat,52.2,1,"Fri, 24 Jul 2015 00:00:00 -0500"
25623,Trump,Republican,34.4,1,
25624,Clinton,Democrat,52.2,1,"Thu, 23 Jul 2015 00:00:00 -0500"
25623,Trump,Republican,34.4,1,
25624,Clinton,Democrat,52.2,1,"Wed, 22 Jul 2015 00:00:00 -0500"
25623,Trump,Republican,34.4,1,
25624,Clinton,Democrat,52.8,1,"Tue, 21 Jul 2015 00:00:00 -0500"
25623,Trump,Republican,33.8,1,
25624,Clinton,Democrat,52.8,1,"Mon, 20 Jul 2015 00:00:00 -0500"
25623,Trump,Republican,33.8,1,
25624,Clinton,Democrat,52.8,1,"Sun, 19 Jul 2015 00:00:00 -0500"
25623,Trump,Republican,33.8,1,
25624,Clinton,Democrat,52.8,1,"Sat, 18 Jul 2015 00:00:00 -0500"
25623,Trump,Republican,33.8,1,
25624,Clinton,Democrat,52.8,1,"Fri, 17 Jul 2015 00:00:00 -0500"
25623,Trump,Republican,33.8,1,
25624,Clinton,Democrat,52.8,1,"Thu, 16 Jul 2015 00:00:00 -0500"
25623,Trump,Republican,33.8,1,
25624,Clinton,Democrat,52.8,1,"Wed, 15 Jul 2015 00:00:00 -0500"
25623,Trump,Republican,33.8,1,
25624,Clinton,Democrat,52.8,1,"Tue, 14 Jul 2015 00:00:00 -0500"
25623,Trump,Republican,33.8,1,
25624,Clinton,Democrat,53.3,1,"Mon, 13 Jul 2015 00:00:00 -0500"
25623,Trump,Republican,33.7,1,
25624,Clinton,Democrat,53.3,1,"Sun, 12 Jul 2015 00:00:00 -0500"
25623,Trump,Republican,33.7,1,
25624,Clinton,Democrat,53.3,1,"Sat, 11 Jul 2015 00:00:00 -0500"
25623,Trump,Republican,33.7,1,
25624,Clinton,Democrat,53.3,1,"Fri, 10 Jul 2015 00:00:00 -0500"
25623,Trump,Republican,33.7,1,
25624,Clinton,Democrat,53.3,1,"Thu, 09 Jul 2015 00:00:00 -0500"
25623,Trump,Republican,33.7,1,
25624,Clinton,Democrat,53.3,1,"Wed, 08 Jul 2015 00:00:00 -0500"
25623,Trump,Republican,33.7,1,
25624,Clinton,Democrat,53.3,1,"Tue, 07 Jul 2015 00:00:00 -0500"
25623,Trump,Republican,33.7,1,
25624,Clinton,Democrat,53.3,1,"Mon, 06 Jul 2015 00:00:00 -0500"
25623,Trump,Republican,33.7,1,
25624,Clinton,Democrat,53.3,1,"Sun, 05 Jul 2015 00:00:00 -0500"
25623,Trump,Republican,33.7,1,
25624,Clinton,Democrat,53.3,1,"Sat, 04 Jul 2015 00:00:00 -0500"
25623,Trump,Republican,33.7,1,
25624,Clinton,Democrat,53.3,1,"Fri, 03 Jul 2015 00:00:00 -0500"
25623,Trump,Republican,33.7,1,
25624,Clinton,Democrat,53.3,1,"Thu, 02 Jul 2015 00:00:00 -0500"
25623,Trump,Republican,33.7,1,
25624,Clinton,Democrat,53.3,1,"Wed, 01 Jul 2015 00:00:00 -0500"
25623,Trump,Republican,33.7,1,
